{
    "Seriatopora hystrix": 0.03409090909090909,
    "Goniastrea favulus": 0.022727272727272728,
    "Pavona decussata": 0.03409090909090909,
    "Leptoseris gardineri": 0.011363636363636364,
    "Echinopora lamellosa": 0.10227272727272728,
    "Pocillopora grandis": 0.011363636363636364,
    "Acropora muricata": 0.06818181818181818,
    "Acropora robusta": 0.022727272727272728,
    "Pocillopora meandrina": 0.022727272727272728,
    "Stylophora pistillata": 0.045454545454545456,
    "Acropora humilis": 0.022727272727272728,
    "Acropora cytherea": 0.045454545454545456,
    "Acropora spicifera": 0.045454545454545456,
    "Acropora cervicornis": 0.022727272727272728,
    "Montipora digitata": 0.11363636363636363,
    "Astrea curta": 0.045454545454545456,
    "Pocillopora damicornis": 0.1590909090909091,
    "Hydnophora rigida": 0.03409090909090909,
    "Goniopora columna": 0.03409090909090909,
    "Acropora aspera": 0.011363636363636364,
    "Acropora valida": 0.022727272727272728,
    "Psammocora columna": 0.03409090909090909,
    "Distichopora violacea": 0.011363636363636364,
    "Acropora hyacinthus": 0.011363636363636364,
    "Herpolitha limax": 0.011363636363636364
}