{
    "favulus": 0.006551292216,
    "secale": 0.056552128332000004,
    "cervicornis": 0.015842116325999998
}